act,prompt
Effective Board Communication,How can I effectively communicate my concerns and suggestions to the condo HOA board in a constructive manner?
Volunteering Opportunities,What are some ways that I can volunteer my time and expertise to contribute to the improvement of the condominium community?
Community Building Activities,Can you suggest some community-building activities or events that we can organize to bring the condominium residents closer together?
Green Committee Formation,How can I collaborate with other residents to establish a 'green committee' that focuses on implementing eco-friendly practices within the condominium community?
Improve Aesthetics,What measures can I take to help the condo association preserve and improve the aesthetics of our building's exterior and common areas?
Good Neighborly Relations,What are some best practices for maintaining good neighborly relations and promoting a harmonious environment within the condominium community?
Supporting Safety Efforts,In what ways can I support the condominium association's efforts to maintain safety and security in our community?
Condo Newsletter Creation,"How can I participate in or initiate the creation of a condominium newsletter to keep residents informed about community news, updates, and events?"
Promote Inclusivity,What steps can be taken to promote inclusivity and diversity within the condominium community and its committees?
HOA Education Resources,"Can you suggest some resources or educational materials that can help residents to better understand the responsibilities and roles of HOA board members, condo committees, and community members?"
New Resident Support,How can I work with other residents to establish a mentorship or support program for new residents moving into the condominium community?
Digital Communication Platform,What are the best practices for using social media or other digital communication platforms to foster collaboration and engagement among condominium residents and the HOA board?
Interest Groups Formation,How can I propose and advocate for the formation of new interest groups or clubs within the condominium community?
Encouraging Open Conversations,"What are some ways to encourage and facilitate open, respectful conversations among residents and the HOA board on important community issues?"
Organizing Community Service,How can I help to organize a community service or volunteer project that involves the condominium residents and benefits the local neighborhood or city?
